CLI,Path,Version
asciinema,/opt/homebrew/bin/asciinema,3.0.1
atuin,/opt/homebrew/bin/atuin,18.10.0
brew,/opt/homebrew/bin/brew,5.0.8
ccusage,/opt/homebrew/bin/ccusage,17.2.0
code,/opt/homebrew/bin/code,1.107.1
curl,/opt/homebrew/opt/curl/bin/curl,8.17.0
fastfetch,/opt/homebrew/bin/fastfetch,2.56.1
fish,/opt/homebrew/bin/fish,4.3.1
ghq,/opt/homebrew/bin/ghq,1.8.0
ghostty,/Applications/Ghostty.app/Contents/MacOS/ghostty,1.2.3
git,/opt/homebrew/bin/git,2.52.0
go,/opt/homebrew/bin/go,1.25.5
jrnl,/opt/homebrew/bin/jrnl,4.2.1
kitty,/opt/homebrew/bin/kitty,0.45.0
logseq,/Applications/Logseq.app,0.10.15
lsd,/opt/homebrew/bin/lsd,1.2.0
mas,/opt/homebrew/bin/mas,5.0.2
nvim,/opt/homebrew/bin/nvim,0.11.5
starship,/opt/homebrew/bin/starship,1.24.1
tig,/opt/homebrew/bin/tig,2.6.0
tokei,/opt/homebrew/bin/tokei,13.0.0
uv,/opt/homebrew/bin/uv,0.9.20
wezterm,/opt/homebrew/bin/wezterm,20240203-110809
yaak,/Applications/yaak.app,2025.9.3
yazi,/opt/homebrew/bin/yazi,25.12.29
zed,/opt/homebrew/bin/zed,0.217.3
zellij,/opt/homebrew/bin/zellij,0.43.1
